producto,stock_actual,ventas_ultimos_30_dias,stock_minimo,tiempo_reposicion_dias,demanda_diaria,demanda_durante_reposicion,punto_reorden,nivel_objetivo,recomendacion,cantidad_sugerida,justificacion
Audifonos Bluetooth,8,72,10,5,2.4,12.0,22,39,REPONER,31,"Stock (8) <= punto de reorden (22); se sugieren 31 unidades para acercarse al nivel objetivo (39)."
Bocina Bluetooth,9,54,10,6,1.8,10.8,21,33,REPONER,24,"Stock (9) <= punto de reorden (21); se sugieren 24 unidades para acercarse al nivel objetivo (33)."
Mouse Gamer,12,90,12,4,3.0,12.0,24,45,REPONER,33,"Stock (12) <= punto de reorden (24); se sugieren 33 unidades para acercarse al nivel objetivo (45)."
Adaptador HDMI,14,39,8,6,1.3,7.8,16,25,REPONER,11,"Stock (14) <= punto de reorden (16); se sugieren 11 unidades para acercarse al nivel objetivo (25)."
Power Bank,20,66,12,7,2.2,15.4,27,43,REPONER,23,"Stock (20) <= punto de reorden (27); se sugieren 23 unidades para acercarse al nivel objetivo (43)."
Cable USB-C,25,120,20,3,4.0,12.0,32,60,REPONER,35,"Stock (25) <= punto de reorden (32); se sugieren 35 unidades para acercarse al nivel objetivo (60)."
Teclado Mecanico,35,40,8,7,1.33,9.31,17,27,MANTENER,0,"Stock (35) está por encima del punto de reorden (17) y dentro de un rango razonable."
Base Laptop,48,25,10,8,0.83,6.64,17,22,REVISAR SOBRESTOCK,0,"Stock (48) es alto frente al nivel objetivo (22) y a la demanda reciente."
Webcam HD,60,18,8,10,0.6,6.0,14,18,REVISAR SOBRESTOCK,0,"Stock (60) es alto frente al nivel objetivo (18) y a la demanda reciente."
Memoria USB 64GB,75,45,15,5,1.5,7.5,22,33,REVISAR SOBRESTOCK,0,"Stock (75) es alto frente al nivel objetivo (33) y a la demanda reciente."
